{
[
{
'name': "Afghanistan",
'alpha-2': "AF",
'alpha-3': "AFG",
'country-code': "004",
'iso_3166-2': "ISO 3166-2:AF",
'region-code': "142",
'sub-region-code': "034",
'currencies': [{
    'currency_name': "Afghani",
    'currency_code': "AFN",
    'currency_numeric_code': "971",
    'minor_unit': "2"
}]
},
{
'name': "Åland Islands",
'alpha-2': "AX",
'alpha-3': "ALA",
'country-code': "248",
'iso_3166-2': "ISO 3166-2:AX",
'region-code': "150",
'sub-region-code': "154",
'currencies': [{
    'currency_name': "Euro",
    'currency_code': "EUR",
    'currency_numeric_code': "978",
    'minor_unit': "2"
}]
},
{
'name': "Albania",
'alpha-2': "AL",
'alpha-3': "ALB",
'country-code': "008",
'iso_3166-2': "ISO 3166-2:AL",
'region-code': "150",
'sub-region-code': "039",
'currencies': [{
    'currency_name': "Lek",
    'currency_code': "ALL",
    'currency_numeric_code': "008",
    'minor_unit': "2"
}]
},
{
'name': "Algeria",
'alpha-2': "DZ",
'alpha-3': "DZA",
'country-code': "012",
'iso_3166-2': "ISO 3166-2:DZ",
'region-code': "002",
'sub-region-code': "015",
'currencies': [{
    'currency_name': "Algerian Dinar",
    'currency_code': "DZD",
    'currency_numeric_code': "012",
    'minor_unit': "2"
}]
},
{
'name': "American Samoa",
'alpha-2': "AS",
'alpha-3': "ASM",
'country-code': "016",
'iso_3166-2': "ISO 3166-2:AS",
'region-code': "009",
'sub-region-code': "061",
'currencies': [{
    'currency_name': "US Dollar",
    'currency_code': "USD",
    'currency_numeric_code': "840",
    'minor_unit': "2"
}]
},
{
'name': "Andorra",
'alpha-2': "AD",
'alpha-3': "AND",
'country-code': "020",
'iso_3166-2': "ISO 3166-2:AD",
'region-code': "150",
'sub-region-code': "039",
'currencies': [{
    'currency_name': "Euro",
    'currency_code': "EUR",
    'currency_numeric_code': "978",
    'minor_unit': "2"
}]
},
{
'name': "Angola",
'alpha-2': "AO",
'alpha-3': "AGO",
'country-code': "024",
'iso_3166-2': "ISO 3166-2:AO",
'region-code': "002",
'sub-region-code': "017",
'currencies': [{
    'currency_name': "Kwanza",
    'currency_code': "AOA",
    'currency_numeric_code': "973",
    'minor_unit': "2"
}]
},
{
'name': "Anguilla",
'alpha-2': "AI",
'alpha-3': "AIA",
'country-code': "660",
'iso_3166-2': "ISO 3166-2:AI",
'region-code': "019",
'sub-region-code': "029",
'currencies': [{
    'currency_name': "East Caribbean Dollar",
    'currency_code': "XCD",
    'currency_numeric_code': "951",
    'minor_unit': "2"
}]
},
{
'name': "Antarctica",
'alpha-2': "AQ",
'alpha-3': "ATA",
'country-code': "010",
'iso_3166-2': "ISO 3166-2:AQ",
'currencies': [{
    'currency_name': "No universal currency"
}]
},
{
'name': "Antigua and Barbuda",
'alpha-2': "AG",
'alpha-3': "ATG",
'country-code': "028",
'iso_3166-2': "ISO 3166-2:AG",
'region-code': "019",
'sub-region-code': "029",
'currencies': [{
    'currency_name': "East Caribbean Dollar",
    'currency_code': "XCD",
    'currency_numeric_code': "951",
    'minor_unit': "2"
}]
},
{
'name': "Argentina",
'alpha-2': "AR",
'alpha-3': "ARG",
'country-code': "032",
'iso_3166-2': "ISO 3166-2:AR",
'region-code': "019",
'sub-region-code': "005",
'currencies': [{
    'currency_name': "Argentine Peso",
    'currency_code': "ARS",
    'currency_numeric_code': "032",
    'minor_unit': "2"
}]
},
{
'name': "Armenia",
'alpha-2': "AM",
'alpha-3': "ARM",
'country-code': "051",
'iso_3166-2': "ISO 3166-2:AM",
'region-code': "142",
'sub-region-code': "145",
'currencies': [{
    'currency_name': "Armenian Dram",
    'currency_code': "AMD",
    'currency_numeric_code': "051",
    'minor_unit': "2"
}]
},
{
'name': "Aruba",
'alpha-2': "AW",
'alpha-3': "ABW",
'country-code': "533",
'iso_3166-2': "ISO 3166-2:AW",
'region-code': "019",
'sub-region-code': "029",
'currencies': [{
    'currency_name': "Aruban Florin",
    'currency_code': "AWG",
    'currency_numeric_code': "533",
    'minor_unit': "2"
}]
},
{
'name': "Australia",
'alpha-2': "AU",
'alpha-3': "AUS",
'country-code': "036",
'iso_3166-2': "ISO 3166-2:AU",
'region-code': "009",
'sub-region-code': "053",
'currencies': [{
    'currency_name': "Australian Dollar",
    'currency_code': "AUD",
    'currency_numeric_code': "036",
    'minor_unit': "2"
}]
},
{
'name': "Austria",
'alpha-2': "AT",
'alpha-3': "AUT",
'country-code': "040",
'iso_3166-2': "ISO 3166-2:AT",
'region-code': "150",
'sub-region-code': "155",
'currencies': [{
    'currency_name': "Euro",
    'currency_code': "EUR",
    'currency_numeric_code': "978",
    'minor_unit': "2"
}]
},
{
'name': "Azerbaijan",
'alpha-2': "AZ",
'alpha-3': "AZE",
'country-code': "031",
'iso_3166-2': "ISO 3166-2:AZ",
'region-code': "142",
'sub-region-code': "145",
'currencies': [{
    'currency_name': "Azerbaijanian Manat",
    'currency_code': "AZN",
    'currency_numeric_code': "944",
    'minor_unit': "2"
}]
},
{
'name': "Bahamas",
'alpha-2': "BS",
'alpha-3': "BHS",
'country-code': "044",
'iso_3166-2': "ISO 3166-2:BS",
'region-code': "019",
'sub-region-code': "029",
'currencies': [{
    'currency_name': "Bahamian Dollar",
    'currency_code': "BSD",
    'currency_numeric_code': "044",
    'minor_unit': "2"
}]
},
{
'name': "Bahrain",
'alpha-2': "BH",
'alpha-3': "BHR",
'country-code': "048",
'iso_3166-2': "ISO 3166-2:BH",
'region-code': "142",
'sub-region-code': "145",
'currencies': [{
    'currency_name': "Bahraini Dinar",
    'currency_code': "BHD",
    'currency_numeric_code': "048",
    'minor_unit': "3"
}]
},
{
'name': "Bangladesh",
'alpha-2': "BD",
'alpha-3': "BGD",
'country-code': "050",
'iso_3166-2': "ISO 3166-2:BD",
'region-code': "142",
'sub-region-code': "034",
'currencies': [{
    'currency_name': "Taka",
    'currency_code': "BDT",
    'currency_numeric_code': "050",
    'minor_unit': "2"
}]
},
{
'name': "Barbados",
'alpha-2': "BB",
'alpha-3': "BRB",
'country-code': "052",
'iso_3166-2': "ISO 3166-2:BB",
'region-code': "019",
'sub-region-code': "029",
'currencies': [{
    'currency_name': "Barbados Dollar",
    'currency_code': "BBD",
    'currency_numeric_code': "052",
    'minor_unit': "2"
}]
},
{
'name': "Belarus",
'alpha-2': "BY",
'alpha-3': "BLR",
'country-code': "112",
'iso_3166-2': "ISO 3166-2:BY",
'region-code': "150",
'sub-region-code': "151",
'currencies': [{
    'currency_name': "Belarussian Ruble",
    'currency_code': "BYR",
    'currency_numeric_code': "974",
    'minor_unit': "0"
}]
},
{
'name': "Belgium",
'alpha-2': "BE",
'alpha-3': "BEL",
'country-code': "056",
'iso_3166-2': "ISO 3166-2:BE",
'region-code': "150",
'sub-region-code': "155",
'currencies': [{
    'currency_name': "Euro",
    'currency_code': "EUR",
    'currency_numeric_code': "978",
    'minor_unit': "2"
}]
},
{
'name': "Belize",
'alpha-2': "BZ",
'alpha-3': "BLZ",
'country-code': "084",
'iso_3166-2': "ISO 3166-2:BZ",
'region-code': "019",
'sub-region-code': "013",
'currencies': [{
    'currency_name': "Belize Dollar",
    'currency_code': "BZD",
    'currency_numeric_code': "084",
    'minor_unit': "2"
}]
},
{
'name': "Benin",
'alpha-2': "BJ",
'alpha-3': "BEN",
'country-code': "204",
'iso_3166-2': "ISO 3166-2:BJ",
'region-code': "002",
'sub-region-code': "011",
'currencies': [{
    'currency_name': "CFA Franc BCEAO",
    'currency_code': "XOF",
    'currency_numeric_code': "952",
    'minor_unit': "0"
}]
},
{
'name': "Bermuda",
'alpha-2': "BM",
'alpha-3': "BMU",
'country-code': "060",
'iso_3166-2': "ISO 3166-2:BM",
'region-code': "019",
'sub-region-code': "021",
'currencies': [{
    'currency_name': "Bermudian Dollar",
    'currency_code': "BMD",
    'currency_numeric_code': "060",
    'minor_unit': "2"
}]
},
{
'name': "Bhutan",
'alpha-2': "BT",
'alpha-3': "BTN",
'country-code': "064",
'iso_3166-2': "ISO 3166-2:BT",
'region-code': "142",
'sub-region-code': "034",
'currencies': [{
    'currency_name': "Ngultrum",
    'currency_code': "BTN",
    'currency_numeric_code': "064",
    'minor_unit': "2"
}, {
    'currency_name': "Indian Rupee",
    'currency_code': "INR",
    'currency_numeric_code': "356",
    'minor_unit': "2"
}]
},
{
'name': "Bolivia, Plurinational State of",
'alpha-2': "BO",
'alpha-3': "BOL",
'country-code': "068",
'iso_3166-2': "ISO 3166-2:BO",
'region-code': "019",
'sub-region-code': "005",
'currencies': [{
    'currency_name': "Boliviano",
    'currency_code': "BOB",
    'currency_numeric_code': "068",
    'minor_unit': "2"
}]
},
{
'name': "Bonaire, Sint Eustatius and Saba",
'alpha-2': "BQ",
'alpha-3': "BES",
'country-code': "535",
'iso_3166-2': "ISO 3166-2:BQ",
'region-code': "019",
'sub-region-code': "029",
'currencies': [{
    'currency_name': "US Dollar",
    'currency_code': "USD",
    'currency_numeric_code': "840",
    'minor_unit': "2"
}]
},
{
'name': "Bosnia and Herzegovina",
'alpha-2': "BA",
'alpha-3': "BIH",
'country-code': "070",
'iso_3166-2': "ISO 3166-2:BA",
'region-code': "150",
'sub-region-code': "039",
'currencies': [{
    'currency_name': "Convertible Mark",
    'currency_code': "BAM",
    'currency_numeric_code': "977",
    'minor_unit': "2"
}]
},
{
'name': "Botswana",
'alpha-2': "BW",
'alpha-3': "BWA",
'country-code': "072",
'iso_3166-2': "ISO 3166-2:BW",
'region-code': "002",
'sub-region-code': "018",
'currencies': [{
    'currency_name': "Pula",
    'currency_code': "BWP",
    'currency_numeric_code': "072",
    'minor_unit': "2"
}]
},
{
'name': "Bouvet Island",
'alpha-2': "BV",
'alpha-3': "BVT",
'country-code': "074",
'iso_3166-2': "ISO 3166-2:BV",
'currencies': [{
    'currency_name': "Norwegian Krone",
    'currency_code': "NOK",
    'currency_numeric_code': "578",
    'minor_unit': "2"
}]
},
{
'name': "Brazil",
'alpha-2': "BR",
'alpha-3': "BRA",
'country-code': "076",
'iso_3166-2': "ISO 3166-2:BR",
'region-code': "019",
'sub-region-code': "005",
'currencies': [{
    'currency_name': "Brazilian Real",
    'currency_code': "BRL",
    'currency_numeric_code': "986",
    'minor_unit': "2"
}]
},
{
'name': "British Indian Ocean Territory",
'alpha-2': "IO",
'alpha-3': "IOT",
'country-code': "086",
'iso_3166-2': "ISO 3166-2:IO",
'currencies': [{
    'currency_name': "US Dollar",
    'currency_code': "USD",
    'currency_numeric_code': "840",
    'minor_unit': "2"
}]
},
{
'name': "Brunei Darussalam",
'alpha-2': "BN",
'alpha-3': "BRN",
'country-code': "096",
'iso_3166-2': "ISO 3166-2:BN",
'region-code': "142",
'sub-region-code': "035",
'currencies': [{
    'currency_name': "Brunei Dollar",
    'currency_code': "BND",
    'currency_numeric_code': "096",
    'minor_unit': "2"
}]
},
{
'name': "Bulgaria",
'alpha-2': "BG",
'alpha-3': "BGR",
'country-code': "100",
'iso_3166-2': "ISO 3166-2:BG",
'region-code': "150",
'sub-region-code': "151",
'currencies': [{
    'currency_name': "Bulgarian Lev",
    'currency_code': "BGN",
    'currency_numeric_code': "975",
    'minor_unit': "2"
}]
},
{
'name': "Burkina Faso",
'alpha-2': "BF",
'alpha-3': "BFA",
'country-code': "854",
'iso_3166-2': "ISO 3166-2:BF",
'region-code': "002",
'sub-region-code': "011",
'currencies': [{
    'currency_name': "CFA Franc BCEAO",
    'currency_code': "XOF",
    'currency_numeric_code': "952",
    'minor_unit': "0"
}]
},
{
'name': "Burundi",
'alpha-2': "BI",
'alpha-3': "BDI",
'country-code': "108",
'iso_3166-2': "ISO 3166-2:BI",
'region-code': "002",
'sub-region-code': "014",
'currencies': [{
    'currency_name': "Burundi Franc",
    'currency_code': "BIF",
    'currency_numeric_code': "108",
    'minor_unit': "0"
}]
},
{
'name': "Cambodia",
'alpha-2': "KH",
'alpha-3': "KHM",
'country-code': "116",
'iso_3166-2': "ISO 3166-2:KH",
'region-code': "142",
'sub-region-code': "035",
'currencies': [{
    'currency_name': "Riel",
    'currency_code': "KHR",
    'currency_numeric_code': "116",
    'minor_unit': "2"
}]
},
{
'name': "Cameroon",
'alpha-2': "CM",
'alpha-3': "CMR",
'country-code': "120",
'iso_3166-2': "ISO 3166-2:CM",
'region-code': "002",
'sub-region-code': "017",
'currencies': [{
    'currency_name': "CFA Franc BEAC",
    'currency_code': "XAF",
    'currency_numeric_code': "950",
    'minor_unit': "0"
}]
},
{
'name': "Canada",
'alpha-2': "CA",
'alpha-3': "CAN",
'country-code': "124",
'iso_3166-2': "ISO 3166-2:CA",
'region-code': "019",
'sub-region-code': "021",
'currencies': [{
    'currency_name': "Canadian Dollar",
    'currency_code': "CAD",
    'currency_numeric_code': "124",
    'minor_unit': "2"
}]
},
{
'name': "Cape Verde",
'alpha-2': "CV",
'alpha-3': "CPV",
'country-code': "132",
'iso_3166-2': "ISO 3166-2:CV",
'region-code': "002",
'sub-region-code': "011",
'currencies': [{
    'currency_name': "Cabo Verde Escudo",
    'currency_code': "CVE",
    'currency_numeric_code': "132",
    'minor_unit': "2"
}]
},
{
'name': "Cayman Islands",
'alpha-2': "KY",
'alpha-3': "CYM",
'country-code': "136",
'iso_3166-2': "ISO 3166-2:KY",
'region-code': "019",
'sub-region-code': "029",
'currencies': [{
    'currency_name': "Cayman Islands Dollar",
    'currency_code': "KYD",
    'currency_numeric_code': "136",
    'minor_unit': "2"
}]
},
{
'name': "Central African Republic",
'alpha-2': "CF",
'alpha-3': "CAF",
'country-code': "140",
'iso_3166-2': "ISO 3166-2:CF",
'region-code': "002",
'sub-region-code': "017",
'currencies': [{
    'currency_name': "CFA Franc BEAC",
    'currency_code': "XAF",
    'currency_numeric_code': "950",
    'minor_unit': "0"
}]
},
{
'name': "Chad",
'alpha-2': "TD",
'alpha-3': "TCD",
'country-code': "148",
'iso_3166-2': "ISO 3166-2:TD",
'region-code': "002",
'sub-region-code': "017",
'currencies': [{
    'currency_name': "CFA Franc BEAC",
    'currency_code': "XAF",
    'currency_numeric_code': "950",
    'minor_unit': "0"
}]
},
{
'name': "Chile",
'alpha-2': "CL",
'alpha-3': "CHL",
'country-code': "152",
'iso_3166-2': "ISO 3166-2:CL",
'region-code': "019",
'sub-region-code': "005",
'currencies': [{
    'currency_name': "Chilean Peso",
    'currency_code': "CLP",
    'currency_numeric_code': "152",
    'minor_unit': "0"
}]
},
{
'name': "China",
'alpha-2': "CN",
'alpha-3': "CHN",
'country-code': "156",
'iso_3166-2': "ISO 3166-2:CN",
'region-code': "142",
'sub-region-code': "030",
'currencies': [{
    'currency_name': "Yuan Renminbi",
    'currency_code': "CNY",
    'currency_numeric_code': "156",
    'minor_unit': "2"
}]
},
{
'name': "Christmas Island",
'alpha-2': "CX",
'alpha-3': "CXR",
'country-code': "162",
'iso_3166-2': "ISO 3166-2:CX",
'currencies': [{
    'currency_name': "Australian Dollar",
    'currency_code': "AUD",
    'currency_numeric_code': "036",
    'minor_unit': "2"
}]
},
{
'name': "Cocos (Keeling) Islands",
'alpha-2': "CC",
'alpha-3': "CCK",
'country-code': "166",
'iso_3166-2': "ISO 3166-2:CC",
'currencies': [{
    'currency_name': "Australian Dollar",
    'currency_code': "AUD",
    'currency_numeric_code': "036",
    'minor_unit': "2"
}]
},
{
'name': "Colombia",
'alpha-2': "CO",
'alpha-3': "COL",
'country-code': "170",
'iso_3166-2': "ISO 3166-2:CO",
'region-code': "019",
'sub-region-code': "005",
'currencies': [{
    'currency_name': "Colombian Peso",
    'currency_code': "COP",
    'currency_numeric_code': "170",
    'minor_unit': "2"
}]
},
{
'name': "Comoros",
'alpha-2': "KM",
'alpha-3': "COM",
'country-code': "174",
'iso_3166-2': "ISO 3166-2:KM",
'region-code': "002",
'sub-region-code': "014",
'currencies': [{
    'currency_name': "Comoro Franc",
    'currency_code': "KMF",
    'currency_numeric_code': "174",
    'minor_unit': "0"
}]
},
{
'name': "Congo",
'alpha-2': "CG",
'alpha-3': "COG",
'country-code': "178",
'iso_3166-2': "ISO 3166-2:CG",
'region-code': "002",
'sub-region-code': "017",
'currencies': [{
    'currency_name': "CFA Franc BEAC",
    'currency_code': "XAF",
    'currency_numeric_code': "950",
    'minor_unit': "0"
}]
},
{
'name': "Congo, the Democratic Republic of the",
'alpha-2': "CD",
'alpha-3': "COD",
'country-code': "180",
'iso_3166-2': "ISO 3166-2:CD",
'region-code': "002",
'sub-region-code': "017",
'currencies': [{
    'currency_name': "Congolese Franc",
    'currency_code': "CDF",
    'currency_numeric_code': "976",
    'minor_unit': "2"
}]
},
{
'name': "Cook Islands",
'alpha-2': "CK",
'alpha-3': "COK",
'country-code': "184",
'iso_3166-2': "ISO 3166-2:CK",
'region-code': "009",
'sub-region-code': "061",
'currencies': [{
    'currency_name': "New Zealand Dollar",
    'currency_code': "NZD",
    'currency_numeric_code': "554",
    'minor_unit': "2"
}]
},
{
'name': "Costa Rica",
'alpha-2': "CR",
'alpha-3': "CRI",
'country-code': "188",
'iso_3166-2': "ISO 3166-2:CR",
'region-code': "019",
'sub-region-code': "013",
'currencies': [{
    'currency_name': "Costa Rican Colon",
    'currency_code': "CRC",
    'currency_numeric_code': "188",
    'minor_unit': "2"
}]
},
{
'name': "Côte d'Ivoire",
'alpha-2': "CI",
'alpha-3': "CIV",
'country-code': "384",
'iso_3166-2': "ISO 3166-2:CI",
'region-code': "002",
'sub-region-code': "011",
'currencies': [{
    'currency_name': "CFA Franc BCEAO",
    'currency_code': "XOF",
    'currency_numeric_code': "952",
    'minor_unit': "0"
}]
},
{
'name': "Croatia",
'alpha-2': "HR",
'alpha-3': "HRV",
'country-code': "191",
'iso_3166-2': "ISO 3166-2:HR",
'region-code': "150",
'sub-region-code': "039",
'currencies': [{
    'currency_name': "Croatian Kuna",
    'currency_code': "HRK",
    'currency_numeric_code': "191",
    'minor_unit': "2"
}]
},
{
'name': "Cuba",
'alpha-2': "CU",
'alpha-3': "CUB",
'country-code': "192",
'iso_3166-2': "ISO 3166-2:CU",
'region-code': "019",
'sub-region-code': "029",
'currencies': [{
    'currency_name': "Peso Convertible",
    'currency_code': "CUC",
    'currency_numeric_code': "931",
    'minor_unit': "2"
}, {
    'currency_name': "Cuban Peso",
    'currency_code': "CUP",
    'currency_numeric_code': "192",
    'minor_unit': "2"
}]
},
{
'name': "Curaçao",
'alpha-2': "CW",
'alpha-3': "CUW",
'country-code': "531",
'iso_3166-2': "ISO 3166-2:CW",
'region-code': "019",
'sub-region-code': "029",
'currencies': [{
    'currency_name': "Netherlands Antillean Guilder",
    'currency_code': "ANG",
    'currency_numeric_code': "532",
    'minor_unit': "2"
}]
},
{
'name': "Cyprus",
'alpha-2': "CY",
'alpha-3': "CYP",
'country-code': "196",
'iso_3166-2': "ISO 3166-2:CY",
'region-code': "142",
'sub-region-code': "145",
'currencies': [{
    'currency_name': "Euro",
    'currency_code': "EUR",
    'currency_numeric_code': "978",
    'minor_unit': "2"
}]
},
{
'name': "Czech Republic",
'alpha-2': "CZ",
'alpha-3': "CZE",
'country-code': "203",
'iso_3166-2': "ISO 3166-2:CZ",
'region-code': "150",
'sub-region-code': "151",
'currencies': [{
    'currency_name': "Czech Koruna",
    'currency_code': "CZK",
    'currency_numeric_code': "203",
    'minor_unit': "2"
}]
},
{
'name': "Denmark",
'alpha-2': "DK",
'alpha-3': "DNK",
'country-code': "208",
'iso_3166-2': "ISO 3166-2:DK",
'region-code': "150",
'sub-region-code': "154",
'currencies': [{
    'currency_name': "Danish Krone",
    'currency_code': "DKK",
    'currency_numeric_code': "208",
    'minor_unit': "2"
}]
},
{
'name': "Djibouti",
'alpha-2': "DJ",
'alpha-3': "DJI",
'country-code': "262",
'iso_3166-2': "ISO 3166-2:DJ",
'region-code': "002",
'sub-region-code': "014",
'currencies': [{
    'currency_name': "Djibouti Franc",
    'currency_code': "DJF",
    'currency_numeric_code': "262",
    'minor_unit': "0"
}]
},
{
'name': "Dominica",
'alpha-2': "DM",
'alpha-3': "DMA",
'country-code': "212",
'iso_3166-2': "ISO 3166-2:DM",
'region-code': "019",
'sub-region-code': "029",
'currencies': [{
    'currency_name': "East Caribbean Dollar",
    'currency_code': "XCD",
    'currency_numeric_code': "951",
    'minor_unit': "2"
}]
},
{
'name': "Dominican Republic",
'alpha-2': "DO",
'alpha-3': "DOM",
'country-code': "214",
'iso_3166-2': "ISO 3166-2:DO",
'region-code': "019",
'sub-region-code': "029",
'currencies': [{
    'currency_name': "Dominican Peso",
    'currency_code': "DOP",
    'currency_numeric_code': "214",
    'minor_unit': "2"
}]
},
{
'name': "Ecuador",
'alpha-2': "EC",
'alpha-3': "ECU",
'country-code': "218",
'iso_3166-2': "ISO 3166-2:EC",
'region-code': "019",
'sub-region-code': "005",
'currencies': [{
    'currency_name': "US Dollar",
    'currency_code': "USD",
    'currency_numeric_code': "840",
    'minor_unit': "2"
}]
},
{
'name': "Egypt",
'alpha-2': "EG",
'alpha-3': "EGY",
'country-code': "818",
'iso_3166-2': "ISO 3166-2:EG",
'region-code': "002",
'sub-region-code': "015",
'currencies': [{
    'currency_name': "Egyptian Pound",
    'currency_code': "EGP",
    'currency_numeric_code': "818",
    'minor_unit': "2"
}]
},
{
'name': "El Salvador",
'alpha-2': "SV",
'alpha-3': "SLV",
'country-code': "222",
'iso_3166-2': "ISO 3166-2:SV",
'region-code': "019",
'sub-region-code': "013",
'currencies': [{
        'currency_name': "El Salvador Colon",
        'currency_code': "SVC",
        'currency_numeric_code': "222",
        'minor_unit': "2"
},
    {
        'currency_name': "US Dollar",
        'currency_code': "USD",
        'currency_numeric_code': "840",
        'minor_unit': "2"
}]
},
{
'name': "Equatorial Guinea",
'alpha-2': "GQ",
'alpha-3': "GNQ",
'country-code': "226",
'iso_3166-2': "ISO 3166-2:GQ",
'region-code': "002",
'sub-region-code': "017",
'currencies': [{
    'currency_name': "CFA Franc BEAC",
    'currency_code': "XAF",
    'currency_numeric_code': "950",
    'minor_unit': "0"
}]
},
{
'name': "Eritrea",
'alpha-2': "ER",
'alpha-3': "ERI",
'country-code': "232",
'iso_3166-2': "ISO 3166-2:ER",
'region-code': "002",
'sub-region-code': "014",
'currencies': [{
    'currency_name': "Nakfa",
    'currency_code': "ERN",
    'currency_numeric_code': "232",
    'minor_unit': "2"
}]
},
{
'name': "Estonia",
'alpha-2': "EE",
'alpha-3': "EST",
'country-code': "233",
'iso_3166-2': "ISO 3166-2:EE",
'region-code': "150",
'sub-region-code': "154",
'currencies': [{
    'currency_name': "Euro",
    'currency_code': "EUR",
    'currency_numeric_code': "978",
    'minor_unit': "2"
}]
},
{
'name': "Ethiopia",
'alpha-2': "ET",
'alpha-3': "ETH",
'country-code': "231",
'iso_3166-2': "ISO 3166-2:ET",
'region-code': "002",
'sub-region-code': "014",
'currencies': [{
    'currency_name': "Ethiopian Birr",
    'currency_code': "ETB",
    'currency_numeric_code': "230",
    'minor_unit': "2"
}]
},
{
'name': "Falkland Islands (Malvinas)",
'alpha-2': "FK",
'alpha-3': "FLK",
'country-code': "238",
'iso_3166-2': "ISO 3166-2:FK",
'region-code': "019",
'sub-region-code': "005",
'currencies': [{
    'currency_name': "Falkland Islands Pound",
    'currency_code': "FKP",
    'currency_numeric_code': "238",
    'minor_unit': "2"
}]
},
{
'name': "Faroe Islands",
'alpha-2': "FO",
'alpha-3': "FRO",
'country-code': "234",
'iso_3166-2': "ISO 3166-2:FO",
'region-code': "150",
'sub-region-code': "154",
'currencies': [{
    'currency_name': "Danish Krone",
    'currency_code': "DKK",
    'currency_numeric_code': "208",
    'minor_unit': "2"
}]
},
{
'name': "Fiji",
'alpha-2': "FJ",
'alpha-3': "FJI",
'country-code': "242",
'iso_3166-2': "ISO 3166-2:FJ",
'region-code': "009",
'sub-region-code': "054",
'currencies': [{
    'currency_name': "Fiji Dollar",
    'currency_code': "FJD",
    'currency_numeric_code': "242",
    'minor_unit': "2"
}]
},
{
'name': "Finland",
'alpha-2': "FI",
'alpha-3': "FIN",
'country-code': "246",
'iso_3166-2': "ISO 3166-2:FI",
'region-code': "150",
'sub-region-code': "154",
'currencies': [{
    'currency_name': "Euro",
    'currency_code': "EUR",
    'currency_numeric_code': "978",
    'minor_unit': "2"
}]
},
{
'name': "France",
'alpha-2': "FR",
'alpha-3': "FRA",
'country-code': "250",
'iso_3166-2': "ISO 3166-2:FR",
'region-code': "150",
'sub-region-code': "155",
'currencies': [{
    'currency_name': "Euro",
    'currency_code': "EUR",
    'currency_numeric_code': "978",
    'minor_unit': "2"
}]
},
{
'name': "French Guiana",
'alpha-2': "GF",
'alpha-3': "GUF",
'country-code': "254",
'iso_3166-2': "ISO 3166-2:GF",
'region-code': "019",
'sub-region-code': "005",
'currencies': [{
    'currency_name': "Euro",
    'currency_code': "EUR",
    'currency_numeric_code': "978",
    'minor_unit': "2"
}]
},
{
'name': "French Polynesia",
'alpha-2': "PF",
'alpha-3': "PYF",
'country-code': "258",
'iso_3166-2': "ISO 3166-2:PF",
'region-code': "009",
'sub-region-code': "061",
'currencies': [{
    'currency_name': "CFP Franc",
    'currency_code': "XPF",
    'currency_numeric_code': "953",
    'minor_unit': "0"
}]
},
{
'name': "French Southern Territories",
'alpha-2': "TF",
'alpha-3': "ATF",
'country-code': "260",
'iso_3166-2': "ISO 3166-2:TF",
'currencies': [{
    'currency_name': "Euro",
    'currency_code': "EUR",
    'currency_numeric_code': "978",
    'minor_unit': "2"
}]
},
{
'name': "Gabon",
'alpha-2': "GA",
'alpha-3': "GAB",
'country-code': "266",
'iso_3166-2': "ISO 3166-2:GA",
'region-code': "002",
'sub-region-code': "017",
'currencies': [{
    'currency_name': "CFA Franc BEAC",
    'currency_code': "XAF",
    'currency_numeric_code': "950",
    'minor_unit': "0"
}]
},
{
'name': "Gambia",
'alpha-2': "GM",
'alpha-3': "GMB",
'country-code': "270",
'iso_3166-2': "ISO 3166-2:GM",
'region-code': "002",
'sub-region-code': "011",
'currencies': [{
    'currency_name': "Dalasi",
    'currency_code': "GMD",
    'currency_numeric_code': "270",
    'minor_unit': "2"
}]
},
{
'name': "Georgia",
'alpha-2': "GE",
'alpha-3': "GEO",
'country-code': "268",
'iso_3166-2': "ISO 3166-2:GE",
'region-code': "142",
'sub-region-code': "145",
'currencies': [{
    'currency_name': "Lari",
    'currency_code': "GEL",
    'currency_numeric_code': "981",
    'minor_unit': "2"
}]
},
{
'name': "Germany",
'alpha-2': "DE",
'alpha-3': "DEU",
'country-code': "276",
'iso_3166-2': "ISO 3166-2:DE",
'region-code': "150",
'sub-region-code': "155",
'currencies': [{
    'currency_name': "Euro",
    'currency_code': "EUR",
    'currency_numeric_code': "978",
    'minor_unit': "2"
}]
},
{
'name': "Ghana",
'alpha-2': "GH",
'alpha-3': "GHA",
'country-code': "288",
'iso_3166-2': "ISO 3166-2:GH",
'region-code': "002",
'sub-region-code': "011",
'currencies': [{
    'currency_name': "Ghana Cedi",
    'currency_code': "GHS",
    'currency_numeric_code': "936",
    'minor_unit': "2"
}]
},
{
'name': "Gibraltar",
'alpha-2': "GI",
'alpha-3': "GIB",
'country-code': "292",
'iso_3166-2': "ISO 3166-2:GI",
'region-code': "150",
'sub-region-code': "039",
'currencies': [{
    'currency_name': "Gibraltar Pound",
    'currency_code': "GIP",
    'currency_numeric_code': "292",
    'minor_unit': "2"
}]
},
{
'name': "Greece",
'alpha-2': "GR",
'alpha-3': "GRC",
'country-code': "300",
'iso_3166-2': "ISO 3166-2:GR",
'region-code': "150",
'sub-region-code': "039",
'currencies': [{
    'currency_name': "Euro",
    'currency_code': "EUR",
    'currency_numeric_code': "978",
    'minor_unit': "2"
}]
},
{
'name': "Greenland",
'alpha-2': "GL",
'alpha-3': "GRL",
'country-code': "304",
'iso_3166-2': "ISO 3166-2:GL",
'region-code': "019",
'sub-region-code': "021",
'currencies': [{
    'currency_name': "Danish Krone",
    'currency_code': "DKK",
    'currency_numeric_code': "208",
    'minor_unit': "2"
}]
},
{
'name': "Grenada",
'alpha-2': "GD",
'alpha-3': "GRD",
'country-code': "308",
'iso_3166-2': "ISO 3166-2:GD",
'region-code': "019",
'sub-region-code': "029",
'currencies': [{
    'currency_name': "East Caribbean Dollar",
    'currency_code': "XCD",
    'currency_numeric_code': "951",
    'minor_unit': "2"
}]
},
{
'name': "Guadeloupe",
'alpha-2': "GP",
'alpha-3': "GLP",
'country-code': "312",
'iso_3166-2': "ISO 3166-2:GP",
'region-code': "019",
'sub-region-code': "029",
'currencies': [{
    'currency_name': "Euro",
    'currency_code': "EUR",
    'currency_numeric_code': "978",
    'minor_unit': "2"
}]
},
{
'name': "Guam",
'alpha-2': "GU",
'alpha-3': "GUM",
'country-code': "316",
'iso_3166-2': "ISO 3166-2:GU",
'region-code': "009",
'sub-region-code': "057",
'currencies': [{
    'currency_name': "US Dollar",
    'currency_code': "USD",
    'currency_numeric_code': "840",
    'minor_unit': "2"
}]
},
{
'name': "Guatemala",
'alpha-2': "GT",
'alpha-3': "GTM",
'country-code': "320",
'iso_3166-2': "ISO 3166-2:GT",
'region-code': "019",
'sub-region-code': "013",
'currencies': [{
    'currency_name': "Quetzal",
    'currency_code': "GTQ",
    'currency_numeric_code': "320",
    'minor_unit': "2"
}]
},
{
'name': "Guernsey",
'alpha-2': "GG",
'alpha-3': "GGY",
'country-code': "831",
'iso_3166-2': "ISO 3166-2:GG",
'region-code': "150",
'sub-region-code': "154",
'currencies': [{
    'currency_name': "Pound Sterling",
    'currency_code': "GBP",
    'currency_numeric_code': "826",
    'minor_unit': "2"
}]
},
{
'name': "Guinea",
'alpha-2': "GN",
'alpha-3': "GIN",
'country-code': "324",
'iso_3166-2': "ISO 3166-2:GN",
'region-code': "002",
'sub-region-code': "011",
'currencies': [{
    'currency_name': "Guinea Franc",
    'currency_code': "GNF",
    'currency_numeric_code': "324",
    'minor_unit': "0"
}]
},
{
'name': "Guinea-Bissau",
'alpha-2': "GW",
'alpha-3': "GNB",
'country-code': "624",
'iso_3166-2': "ISO 3166-2:GW",
'region-code': "002",
'sub-region-code': "011",
'currencies': [{
    'currency_name': "CFA Franc BCEAO",
    'currency_code': "XOF",
    'currency_numeric_code': "952",
    'minor_unit': "0"
}]
},
{
'name': "Guyana",
'alpha-2': "GY",
'alpha-3': "GUY",
'country-code': "328",
'iso_3166-2': "ISO 3166-2:GY",
'region-code': "019",
'sub-region-code': "005",
'currencies': [{
    'currency_name': "Guyana Dollar",
    'currency_code': "GYD",
    'currency_numeric_code': "328",
    'minor_unit': "2"
}]
},
{
'name': "Haiti",
'alpha-2': "HT",
'alpha-3': "HTI",
'country-code': "332",
'iso_3166-2': "ISO 3166-2:HT",
'region-code': "019",
'sub-region-code': "029",
'currencies': [{
    'currency_name': "Gourde",
    'currency_code': "HTG",
    'currency_numeric_code': "332",
    'minor_unit': "2"
}, {
    'currency_name': "US Dollar",
    'currency_code': "USD",
    'currency_numeric_code': "840",
    'minor_unit': "2"
}]
},
{
'name': "Heard Island and McDonald Islands",
'alpha-2': "HM",
'alpha-3': "HMD",
'country-code': "334",
'iso_3166-2': "ISO 3166-2:HM",
'currencies': [{
    'currency_name': "Australian Dollar",
    'currency_code': "AUD",
    'currency_numeric_code': "036",
    'minor_unit': "2"
}]
},
{
'name': "Holy See (Vatican City State)",
'alpha-2': "VA",
'alpha-3': "VAT",
'country-code': "336",
'iso_3166-2': "ISO 3166-2:VA",
'region-code': "150",
'sub-region-code': "039",
'currencies': [{
    'currency_name': "Euro",
    'currency_code': "EUR",
    'currency_numeric_code': "978",
    'minor_unit': "2"
}]
},
{
'name': "Honduras",
'alpha-2': "HN",
'alpha-3': "HND",
'country-code': "340",
'iso_3166-2': "ISO 3166-2:HN",
'region-code': "019",
'sub-region-code': "013",
'currencies': [{
    'currency_name': "Lempira",
    'currency_code': "HNL",
    'currency_numeric_code': "340",
    'minor_unit': "2"
}]
},
{
'name': "Hong Kong",
'alpha-2': "HK",
'alpha-3': "HKG",
'country-code': "344",
'iso_3166-2': "ISO 3166-2:HK",
'region-code': "142",
'sub-region-code': "030",
'currencies': [{
    'currency_name': "Hong Kong Dollar",
    'currency_code': "HKD",
    'currency_numeric_code': "344",
    'minor_unit': "2"
}]
},
{
'name': "Hungary",
'alpha-2': "HU",
'alpha-3': "HUN",
'country-code': "348",
'iso_3166-2': "ISO 3166-2:HU",
'region-code': "150",
'sub-region-code': "151",
'currencies': [{
    'currency_name': "Forint",
    'currency_code': "HUF",
    'currency_numeric_code': "348",
    'minor_unit': "2"
}]
},
{
'name': "Iceland",
'alpha-2': "IS",
'alpha-3': "ISL",
'country-code': "352",
'iso_3166-2': "ISO 3166-2:IS",
'region-code': "150",
'sub-region-code': "154",
'currencies': [{
    'currency_name': "Iceland Krona",
    'currency_code': "ISK",
    'currency_numeric_code': "352",
    'minor_unit': "0"
}]
},
{
'name': "India",
'alpha-2': "IN",
'alpha-3': "IND",
'country-code': "356",
'iso_3166-2': "ISO 3166-2:IN",
'region-code': "142",
'sub-region-code': "034",
'currencies': [{
    'currency_name': "Indian Rupee",
    'currency_code': "INR",
    'currency_numeric_code': "356",
    'minor_unit': "2"
}]
},
{
'name': "Indonesia",
'alpha-2': "ID",
'alpha-3': "IDN",
'country-code': "360",
'iso_3166-2': "ISO 3166-2:ID",
'region-code': "142",
'sub-region-code': "035",
'currencies': [{
    'currency_name': "Rupiah",
    'currency_code': "IDR",
    'currency_numeric_code': "360",
    'minor_unit': "2"
}]
},
{
'name': "Iran, Islamic Republic of",
'alpha-2': "IR",
'alpha-3': "IRN",
'country-code': "364",
'iso_3166-2': "ISO 3166-2:IR",
'region-code': "142",
'sub-region-code': "034",
'currencies': [{
    'currency_name': "Iranian Rial",
    'currency_code': "IRR",
    'currency_numeric_code': "364",
    'minor_unit': "2"
}]
},
{
'name': "Iraq",
'alpha-2': "IQ",
'alpha-3': "IRQ",
'country-code': "368",
'iso_3166-2': "ISO 3166-2:IQ",
'region-code': "142",
'sub-region-code': "145",
'currencies': [{
    'currency_name': "Iraqi Dinar",
    'currency_code': "IQD",
    'currency_numeric_code': "368",
    'minor_unit': "3"
}]
},
{
'name': "Ireland",
'alpha-2': "IE",
'alpha-3': "IRL",
'country-code': "372",
'iso_3166-2': "ISO 3166-2:IE",
'region-code': "150",
'sub-region-code': "154",
'currencies': [{
    'currency_name': "Euro",
    'currency_code': "EUR",
    'currency_numeric_code': "978",
    'minor_unit': "2"
}]
},
{
'name': "Isle of Man",
'alpha-2': "IM",
'alpha-3': "IMN",
'country-code': "833",
'iso_3166-2': "ISO 3166-2:IM",
'region-code': "150",
'sub-region-code': "154",
'currencies': [{
    'currency_name': "Pound Sterling",
    'currency_code': "GBP",
    'currency_numeric_code': "826",
    'minor_unit': "2"
}]
},
{
'name': "Israel",
'alpha-2': "IL",
'alpha-3': "ISR",
'country-code': "376",
'iso_3166-2': "ISO 3166-2:IL",
'region-code': "142",
'sub-region-code': "145",
'currencies': [{
    'currency_name': "New Israeli Sheqel",
    'currency_code': "ILS",
    'currency_numeric_code': "376",
    'minor_unit': "2"
}]
},
{
'name': "Italy",
'alpha-2': "IT",
'alpha-3': "ITA",
'country-code': "380",
'iso_3166-2': "ISO 3166-2:IT",
'region-code': "150",
'sub-region-code': "039",
'currencies': [{
    'currency_name': "Euro",
    'currency_code': "EUR",
    'currency_numeric_code': "978",
    'minor_unit': "2"
}]
},
{
'name': "Jamaica",
'alpha-2': "JM",
'alpha-3': "JAM",
'country-code': "388",
'iso_3166-2': "ISO 3166-2:JM",
'region-code': "019",
'sub-region-code': "029",
'currencies': [{
    'currency_name': "Jamaican Dollar",
    'currency_code': "JMD",
    'currency_numeric_code': "388",
    'minor_unit': "2"
}]
},
{
'name': "Japan",
'alpha-2': "JP",
'alpha-3': "JPN",
'country-code': "392",
'iso_3166-2': "ISO 3166-2:JP",
'region-code': "142",
'sub-region-code': "030",
'currencies': [{
    'currency_name': "Yen",
    'currency_code': "JPY",
    'currency_numeric_code': "392",
    'minor_unit': "0"
}]
},
{
'name': "Jersey",
'alpha-2': "JE",
'alpha-3': "JEY",
'country-code': "832",
'iso_3166-2': "ISO 3166-2:JE",
'region-code': "150",
'sub-region-code': "154",
'currencies': [{
    'currency_name': "Pound Sterling",
    'currency_code': "GBP",
    'currency_numeric_code': "826",
    'minor_unit': "2"
}]
},
{
'name': "Jordan",
'alpha-2': "JO",
'alpha-3': "JOR",
'country-code': "400",
'iso_3166-2': "ISO 3166-2:JO",
'region-code': "142",
'sub-region-code': "145",
'currencies': [{
    'currency_name': "Jordanian Dinar",
    'currency_code': "JOD",
    'currency_numeric_code': "400",
    'minor_unit': "3"
}]
},
{
'name': "Kazakhstan",
'alpha-2': "KZ",
'alpha-3': "KAZ",
'country-code': "398",
'iso_3166-2': "ISO 3166-2:KZ",
'region-code': "142",
'sub-region-code': "143",
'currencies': [{
    'currency_name': "Tenge",
    'currency_code': "KZT",
    'currency_numeric_code': "398",
    'minor_unit': "2"
}]
},
{
'name': "Kenya",
'alpha-2': "KE",
'alpha-3': "KEN",
'country-code': "404",
'iso_3166-2': "ISO 3166-2:KE",
'region-code': "002",
'sub-region-code': "014",
'currencies': [{
    'currency_name': "Kenyan Shilling",
    'currency_code': "KES",
    'currency_numeric_code': "404",
    'minor_unit': "2"
}]
},
{
'name': "Kiribati",
'alpha-2': "KI",
'alpha-3': "KIR",
'country-code': "296",
'iso_3166-2': "ISO 3166-2:KI",
'region-code': "009",
'sub-region-code': "057",
'currencies': [{
    'currency_name': "Australian Dollar",
    'currency_code': "AUD",
    'currency_numeric_code': "036",
    'minor_unit': "2"
}]
},
{
'name': "Korea, Democratic People's Republic of",
'alpha-2': "KP",
'alpha-3': "PRK",
'country-code': "408",
'iso_3166-2': "ISO 3166-2:KP",
'region-code': "142",
'sub-region-code': "030",
'currencies': [{
    'currency_name': "North Korean Won",
    'currency_code': "KPW",
    'currency_numeric_code': "408",
    'minor_unit': "2"
}]
},
{
'name': "Korea, Republic of",
'alpha-2': "KR",
'alpha-3': "KOR",
'country-code': "410",
'iso_3166-2': "ISO 3166-2:KR",
'region-code': "142",
'sub-region-code': "030",
'currencies': [{
    'currency_name': "Won",
    'currency_code': "KRW",
    'currency_numeric_code': "410",
    'minor_unit': "0"
}]
},
{
'name': "Kuwait",
'alpha-2': "KW",
'alpha-3': "KWT",
'country-code': "414",
'iso_3166-2': "ISO 3166-2:KW",
'region-code': "142",
'sub-region-code': "145",
'currencies': [{
    'currency_name': "Kuwaiti Dinar",
    'currency_code': "KWD",
    'currency_numeric_code': "414",
    'minor_unit': "3"
}]
},
{
'name': "Kyrgyzstan",
'alpha-2': "KG",
'alpha-3': "KGZ",
'country-code': "417",
'iso_3166-2': "ISO 3166-2:KG",
'region-code': "142",
'sub-region-code': "143",
'currencies': [{
    'currency_name': "Som",
    'currency_code': "KGS",
    'currency_numeric_code': "417",
    'minor_unit': "2"
}]
},
{
'name': "Lao People's Democratic Republic",
'alpha-2': "LA",
'alpha-3': "LAO",
'country-code': "418",
'iso_3166-2': "ISO 3166-2:LA",
'region-code': "142",
'sub-region-code': "035",
'currencies': [{
    'currency_name': "Kip",
    'currency_code': "LAK",
    'currency_numeric_code': "418",
    'minor_unit': "2"
}]
},
{
'name': "Latvia",
'alpha-2': "LV",
'alpha-3': "LVA",
'country-code': "428",
'iso_3166-2': "ISO 3166-2:LV",
'region-code': "150",
'sub-region-code': "154",
'currencies': [{
    'currency_name': "Euro",
    'currency_code': "EUR",
    'currency_numeric_code': "978",
    'minor_unit': "2"
}]
},
{
'name': "Lebanon",
'alpha-2': "LB",
'alpha-3': "LBN",
'country-code': "422",
'iso_3166-2': "ISO 3166-2:LB",
'region-code': "142",
'sub-region-code': "145",
'currencies': [{
    'currency_name': "Lebanese Pound",
    'currency_code': "LBP",
    'currency_numeric_code': "422",
    'minor_unit': "2"
}]
},
{
'name': "Lesotho",
'alpha-2': "LS",
'alpha-3': "LSO",
'country-code': "426",
'iso_3166-2': "ISO 3166-2:LS",
'region-code': "002",
'sub-region-code': "018",
'currencies': [{
    'currency_name': "Loti",
    'currency_code': "LSL",
    'currency_numeric_code': "426",
    'minor_unit': "2"
}, {
    'currency_name': "Rand",
    'currency_code': "ZAR",
    'currency_numeric_code': "710",
    'minor_unit': "2"
}]
},
{
'name': "Liberia",
'alpha-2': "LR",
'alpha-3': "LBR",
'country-code': "430",
'iso_3166-2': "ISO 3166-2:LR",
'region-code': "002",
'sub-region-code': "011",
'currencies': [{
    'currency_name': "Liberian Dollar",
    'currency_code': "LRD",
    'currency_numeric_code': "430",
    'minor_unit': "2"
}]
},
{
'name': "Libya",
'alpha-2': "LY",
'alpha-3': "LBY",
'country-code': "434",
'iso_3166-2': "ISO 3166-2:LY",
'region-code': "002",
'sub-region-code': "015",
'currencies': [{
    'currency_name': "Libyan Dinar",
    'currency_code': "LYD",
    'currency_numeric_code': "434",
    'minor_unit': "3"
}]
},
{
'name': "Liechtenstein",
'alpha-2': "LI",
'alpha-3': "LIE",
'country-code': "438",
'iso_3166-2': "ISO 3166-2:LI",
'region-code': "150",
'sub-region-code': "155",
'currencies': [{
    'currency_name': "Swiss Franc",
    'currency_code': "CHF",
    'currency_numeric_code': "756",
    'minor_unit': "2"
}]
},
{
'name': "Lithuania",
'alpha-2': "LT",
'alpha-3': "LTU",
'country-code': "440",
'iso_3166-2': "ISO 3166-2:LT",
'region-code': "150",
'sub-region-code': "154",
'currencies': [{
    'currency_name': "Lithuanian Litas",
    'currency_code': "LTL",
    'currency_numeric_code': "440",
    'minor_unit': "2"
}]
},
{
'name': "Luxembourg",
'alpha-2': "LU",
'alpha-3': "LUX",
'country-code': "442",
'iso_3166-2': "ISO 3166-2:LU",
'region-code': "150",
'sub-region-code': "155",
'currencies': [{
    'currency_name': "Euro",
    'currency_code': "EUR",
    'currency_numeric_code': "978",
    'minor_unit': "2"
}]
},
{
'name': "Macao",
'alpha-2': "MO",
'alpha-3': "MAC",
'country-code': "446",
'iso_3166-2': "ISO 3166-2:MO",
'region-code': "142",
'sub-region-code': "030",
'currencies': [{
    'currency_name': "Pataca",
    'currency_code': "MOP",
    'currency_numeric_code': "446",
    'minor_unit': "2"
}]
},
{
'name': "Macedonia, the former Yugoslav Republic of",
'alpha-2': "MK",
'alpha-3': "MKD",
'country-code': "807",
'iso_3166-2': "ISO 3166-2:MK",
'region-code': "150",
'sub-region-code': "039",
'currencies': [{
    'currency_name': "Denar",
    'currency_code': "MKD",
    'currency_numeric_code': "807",
    'minor_unit': "2"
}]
},
{
'name': "Madagascar",
'alpha-2': "MG",
'alpha-3': "MDG",
'country-code': "450",
'iso_3166-2': "ISO 3166-2:MG",
'region-code': "002",
'sub-region-code': "014",
'currencies': [{
    'currency_name': "Malagasy Ariary",
    'currency_code': "MGA",
    'currency_numeric_code': "969",
    'minor_unit': "2"
}]
},
{
'name': "Malawi",
'alpha-2': "MW",
'alpha-3': "MWI",
'country-code': "454",
'iso_3166-2': "ISO 3166-2:MW",
'region-code': "002",
'sub-region-code': "014",
'currencies': [{
    'currency_name': "Kwacha",
    'currency_code': "MWK",
    'currency_numeric_code': "454",
    'minor_unit': "2"
}]
},
{
'name': "Malaysia",
'alpha-2': "MY",
'alpha-3': "MYS",
'country-code': "458",
'iso_3166-2': "ISO 3166-2:MY",
'region-code': "142",
'sub-region-code': "035",
'currencies': [{
    'currency_name': "Malaysian Ringgit",
    'currency_code': "MYR",
    'currency_numeric_code': "458",
    'minor_unit': "2"
}]
},
{
'name': "Maldives",
'alpha-2': "MV",
'alpha-3': "MDV",
'country-code': "462",
'iso_3166-2': "ISO 3166-2:MV",
'region-code': "142",
'sub-region-code': "034",
'currencies': [{
    'currency_name': "Rufiyaa",
    'currency_code': "MVR",
    'currency_numeric_code': "462",
    'minor_unit': "2"
}]
},
{
'name': "Mali",
'alpha-2': "ML",
'alpha-3': "MLI",
'country-code': "466",
'iso_3166-2': "ISO 3166-2:ML",
'region-code': "002",
'sub-region-code': "011",
'currencies': [{
    'currency_name': "CFA Franc BCEAO",
    'currency_code': "XOF",
    'currency_numeric_code': "952",
    'minor_unit': "0"
}]
},
{
'name': "Malta",
'alpha-2': "MT",
'alpha-3': "MLT",
'country-code': "470",
'iso_3166-2': "ISO 3166-2:MT",
'region-code': "150",
'sub-region-code': "039",
'currencies': [{
    'currency_name': "Euro",
    'currency_code': "EUR",
    'currency_numeric_code': "978",
    'minor_unit': "2"
}]
},
{
'name': "Marshall Islands",
'alpha-2': "MH",
'alpha-3': "MHL",
'country-code': "584",
'iso_3166-2': "ISO 3166-2:MH",
'region-code': "009",
'sub-region-code': "057",
'currencies': [{
    'currency_name': "US Dollar",
    'currency_code': "USD",
    'currency_numeric_code': "840",
    'minor_unit': "2"
}]
},
{
'name': "Martinique",
'alpha-2': "MQ",
'alpha-3': "MTQ",
'country-code': "474",
'iso_3166-2': "ISO 3166-2:MQ",
'region-code': "019",
'sub-region-code': "029",
'currencies': [{
    'currency_name': "Euro",
    'currency_code': "EUR",
    'currency_numeric_code': "978",
    'minor_unit': "2"
}]
},
{
'name': "Mauritania",
'alpha-2': "MR",
'alpha-3': "MRT",
'country-code': "478",
'iso_3166-2': "ISO 3166-2:MR",
'region-code': "002",
'sub-region-code': "011",
'currencies': [{
    'currency_name': "Ouguiya",
    'currency_code': "MRO",
    'currency_numeric_code': "478",
    'minor_unit': "2"
}]
},
{
'name': "Mauritius",
'alpha-2': "MU",
'alpha-3': "MUS",
'country-code': "480",
'iso_3166-2': "ISO 3166-2:MU",
'region-code': "002",
'sub-region-code': "014",
'currencies': [{
    'currency_name': "Mauritius Rupee",
    'currency_code': "MUR",
    'currency_numeric_code': "480",
    'minor_unit': "2"
}]
},
{
'name': "Mayotte",
'alpha-2': "YT",
'alpha-3': "MYT",
'country-code': "175",
'iso_3166-2': "ISO 3166-2:YT",
'region-code': "002",
'sub-region-code': "014",
'currencies': [{
    'currency_name': "Euro",
    'currency_code': "EUR",
    'currency_numeric_code': "978",
    'minor_unit': "2"
}]
},
{
'name': "Mexico",
'alpha-2': "MX",
'alpha-3': "MEX",
'country-code': "484",
'iso_3166-2': "ISO 3166-2:MX",
'region-code': "019",
'sub-region-code': "013",
'currencies': [{
    'currency_name': "Mexican Peso",
    'currency_code': "MXN",
    'currency_numeric_code': "484",
    'minor_unit': "2"
}]
},
{
'name': "Micronesia, Federated States of",
'alpha-2': "FM",
'alpha-3': "FSM",
'country-code': "583",
'iso_3166-2': "ISO 3166-2:FM",
'region-code': "009",
'sub-region-code': "057",
'currencies': [{
    'currency_name': "US Dollar",
    'currency_code': "USD",
    'currency_numeric_code': "840",
    'minor_unit': "2"
}]
},
{
'name': "Moldova, Republic of",
'alpha-2': "MD",
'alpha-3': "MDA",
'country-code': "498",
'iso_3166-2': "ISO 3166-2:MD",
'region-code': "150",
'sub-region-code': "151",
'currencies': [{
    'currency_name': "Moldovan Leu",
    'currency_code': "MDL",
    'currency_numeric_code': "498",
    'minor_unit': "2"
}]
},
{
'name': "Monaco",
'alpha-2': "MC",
'alpha-3': "MCO",
'country-code': "492",
'iso_3166-2': "ISO 3166-2:MC",
'region-code': "150",
'sub-region-code': "155",
'currencies': [{
    'currency_name': "Euro",
    'currency_code': "EUR",
    'currency_numeric_code': "978",
    'minor_unit': "2"
}]
},
{
'name': "Mongolia",
'alpha-2': "MN",
'alpha-3': "MNG",
'country-code': "496",
'iso_3166-2': "ISO 3166-2:MN",
'region-code': "142",
'sub-region-code': "030",
'currencies': [{
    'currency_name': "Tugrik",
    'currency_code': "MNT",
    'currency_numeric_code': "496",
    'minor_unit': "2"
}]
},
{
'name': "Montenegro",
'alpha-2': "ME",
'alpha-3': "MNE",
'country-code': "499",
'iso_3166-2': "ISO 3166-2:ME",
'region-code': "150",
'sub-region-code': "039",
'currencies': [{
    'currency_name': "Euro",
    'currency_code': "EUR",
    'currency_numeric_code': "978",
    'minor_unit': "2"
}]
},
{
'name': "Montserrat",
'alpha-2': "MS",
'alpha-3': "MSR",
'country-code': "500",
'iso_3166-2': "ISO 3166-2:MS",
'region-code': "019",
'sub-region-code': "029",
'currencies': [{
    'currency_name': "East Caribbean Dollar",
    'currency_code': "XCD",
    'currency_numeric_code': "951",
    'minor_unit': "2"
}]
},
{
'name': "Morocco",
'alpha-2': "MA",
'alpha-3': "MAR",
'country-code': "504",
'iso_3166-2': "ISO 3166-2:MA",
'region-code': "002",
'sub-region-code': "015",
'currencies': [{
    'currency_name': "Moroccan Dirham",
    'currency_code': "MAD",
    'currency_numeric_code': "504",
    'minor_unit': "2"
}]
},
{
'name': "Mozambique",
'alpha-2': "MZ",
'alpha-3': "MOZ",
'country-code': "508",
'iso_3166-2': "ISO 3166-2:MZ",
'region-code': "002",
'sub-region-code': "014",
'currencies': [{
    'currency_name': "Mozambique Metical",
    'currency_code': "MZN",
    'currency_numeric_code': "943",
    'minor_unit': "2"
}]
},
{
'name': "Myanmar",
'alpha-2': "MM",
'alpha-3': "MMR",
'country-code': "104",
'iso_3166-2': "ISO 3166-2:MM",
'region-code': "142",
'sub-region-code': "035",
'currencies': [{
    'currency_name': "Kyat",
    'currency_code': "MMK",
    'currency_numeric_code': "104",
    'minor_unit': "2"
}]
},
{
'name': "Namibia",
'alpha-2': "NA",
'alpha-3': "NAM",
'country-code': "516",
'iso_3166-2': "ISO 3166-2:NA",
'region-code': "002",
'sub-region-code': "018",
'currencies': [{
    'currency_name': "Namibia Dollar",
    'currency_code': "NAD",
    'currency_numeric_code': "516",
    'minor_unit': "2"
}, {
    'currency_name': "Rand",
    'currency_code': "ZAR",
    'currency_numeric_code': "710",
    'minor_unit': "2"
}]
},
{
'name': "Nauru",
'alpha-2': "NR",
'alpha-3': "NRU",
'country-code': "520",
'iso_3166-2': "ISO 3166-2:NR",
'region-code': "009",
'sub-region-code': "057",
'currencies': [{
    'currency_name': "Australian Dollar",
    'currency_code': "AUD",
    'currency_numeric_code': "036",
    'minor_unit': "2"
}]
},
{
'name': "Nepal",
'alpha-2': "NP",
'alpha-3': "NPL",
'country-code': "524",
'iso_3166-2': "ISO 3166-2:NP",
'region-code': "142",
'sub-region-code': "034",
'currencies': [{
    'currency_name': "Nepalese Rupee",
    'currency_code': "NPR",
    'currency_numeric_code': "524",
    'minor_unit': "2"
}]
},
{
'name': "Netherlands",
'alpha-2': "NL",
'alpha-3': "NLD",
'country-code': "528",
'iso_3166-2': "ISO 3166-2:NL",
'region-code': "150",
'sub-region-code': "155",
'currencies': [{
    'currency_name': "Euro",
    'currency_code': "EUR",
    'currency_numeric_code': "978",
    'minor_unit': "2"
}]
},
{
'name': "New Caledonia",
'alpha-2': "NC",
'alpha-3': "NCL",
'country-code': "540",
'iso_3166-2': "ISO 3166-2:NC",
'region-code': "009",
'sub-region-code': "054",
'currencies': [{
    'currency_name': "CFP Franc",
    'currency_code': "XPF",
    'currency_numeric_code': "953",
    'minor_unit': "0"
}]
},
{
'name': "New Zealand",
'alpha-2': "NZ",
'alpha-3': "NZL",
'country-code': "554",
'iso_3166-2': "ISO 3166-2:NZ",
'region-code': "009",
'sub-region-code': "053",
'currencies': [{
    'currency_name': "New Zealand Dollar",
    'currency_code': "NZD",
    'currency_numeric_code': "554",
    'minor_unit': "2"
}]
},
{
'name': "Nicaragua",
'alpha-2': "NI",
'alpha-3': "NIC",
'country-code': "558",
'iso_3166-2': "ISO 3166-2:NI",
'region-code': "019",
'sub-region-code': "013",
'currencies': [{
    'currency_name': "Cordoba Oro",
    'currency_code': "NIO",
    'currency_numeric_code': "558",
    'minor_unit': "2"
}]
},
{
'name': "Niger",
'alpha-2': "NE",
'alpha-3': "NER",
'country-code': "562",
'iso_3166-2': "ISO 3166-2:NE",
'region-code': "002",
'sub-region-code': "011",
'currencies': [{
    'currency_name': "CFA Franc BCEAO",
    'currency_code': "XOF",
    'currency_numeric_code': "952",
    'minor_unit': "0"
}]
},
{
'name': "Nigeria",
'alpha-2': "NG",
'alpha-3': "NGA",
'country-code': "566",
'iso_3166-2': "ISO 3166-2:NG",
'region-code': "002",
'sub-region-code': "011",
'currencies': [{
    'currency_name': "Naira",
    'currency_code': "NGN",
    'currency_numeric_code': "566",
    'minor_unit': "2"
}]
},
{
'name': "Niue",
'alpha-2': "NU",
'alpha-3': "NIU",
'country-code': "570",
'iso_3166-2': "ISO 3166-2:NU",
'region-code': "009",
'sub-region-code': "061",
'currencies': [{
    'currency_name': "New Zealand Dollar",
    'currency_code': "NZD",
    'currency_numeric_code': "554",
    'minor_unit': "2"
}]
},
{
'name': "Norfolk Island",
'alpha-2': "NF",
'alpha-3': "NFK",
'country-code': "574",
'iso_3166-2': "ISO 3166-2:NF",
'region-code': "009",
'sub-region-code': "053",
'currencies': [{
    'currency_name': "Australian Dollar",
    'currency_code': "AUD",
    'currency_numeric_code': "036",
    'minor_unit': "2"
}]
},
{
'name': "Northern Mariana Islands",
'alpha-2': "MP",
'alpha-3': "MNP",
'country-code': "580",
'iso_3166-2': "ISO 3166-2:MP",
'region-code': "009",
'sub-region-code': "057",
'currencies': [{
    'currency_name': "US Dollar",
    'currency_code': "USD",
    'currency_numeric_code': "840",
    'minor_unit': "2"
}]
},
{
'name': "Norway",
'alpha-2': "NO",
'alpha-3': "NOR",
'country-code': "578",
'iso_3166-2': "ISO 3166-2:NO",
'region-code': "150",
'sub-region-code': "154",
'currencies': [{
    'currency_name': "Norwegian Krone",
    'currency_code': "NOK",
    'currency_numeric_code': "578",
    'minor_unit': "2"
}]
},
{
'name': "Oman",
'alpha-2': "OM",
'alpha-3': "OMN",
'country-code': "512",
'iso_3166-2': "ISO 3166-2:OM",
'region-code': "142",
'sub-region-code': "145",
'currencies': [{
    'currency_name': "Rial Omani",
    'currency_code': "OMR",
    'currency_numeric_code': "512",
    'minor_unit': "3"
}]
},
{
'name': "Pakistan",
'alpha-2': "PK",
'alpha-3': "PAK",
'country-code': "586",
'iso_3166-2': "ISO 3166-2:PK",
'region-code': "142",
'sub-region-code': "034",
'currencies': [{
    'currency_name': "Pakistan Rupee",
    'currency_code': "PKR",
    'currency_numeric_code': "586",
    'minor_unit': "2"
}]
},
{
'name': "Palau",
'alpha-2': "PW",
'alpha-3': "PLW",
'country-code': "585",
'iso_3166-2': "ISO 3166-2:PW",
'region-code': "009",
'sub-region-code': "057",
'currencies': [{
    'currency_name': "US Dollar",
    'currency_code': "USD",
    'currency_numeric_code': "840",
    'minor_unit': "2"
}]
},
{
'name': "Palestine, State of",
'alpha-2': "PS",
'alpha-3': "PSE",
'country-code': "275",
'iso_3166-2': "ISO 3166-2:PS",
'region-code': "142",
'sub-region-code': "145",
'currencies': [{
    'currency_name': "No universal currency"
}]
},
{
'name': "Panama",
'alpha-2': "PA",
'alpha-3': "PAN",
'country-code': "591",
'iso_3166-2': "ISO 3166-2:PA",
'region-code': "019",
'sub-region-code': "013",
'currencies': [{
    'currency_name': "Balboa",
    'currency_code': "PAB",
    'currency_numeric_code': "590",
    'minor_unit': "2"
}, {
    'currency_name': "US Dollar",
    'currency_code': "USD",
    'currency_numeric_code': "840",
    'minor_unit': "2"
}]
},
{
'name': "Papua New Guinea",
'alpha-2': "PG",
'alpha-3': "PNG",
'country-code': "598",
'iso_3166-2': "ISO 3166-2:PG",
'region-code': "009",
'sub-region-code': "054",
'currencies': [{
    'currency_name': "Kina",
    'currency_code': "PGK",
    'currency_numeric_code': "598",
    'minor_unit': "2"
}]
},
{
'name': "Paraguay",
'alpha-2': "PY",
'alpha-3': "PRY",
'country-code': "600",
'iso_3166-2': "ISO 3166-2:PY",
'region-code': "019",
'sub-region-code': "005",
'currencies': [{
    'currency_name': "Guarani",
    'currency_code': "PYG",
    'currency_numeric_code': "600",
    'minor_unit': "0"
}]
},
{
'name': "Peru",
'alpha-2': "PE",
'alpha-3': "PER",
'country-code': "604",
'iso_3166-2': "ISO 3166-2:PE",
'region-code': "019",
'sub-region-code': "005",
'currencies': [{
    'currency_name': "Nuevo Sol",
    'currency_code': "PEN",
    'currency_numeric_code': "604",
    'minor_unit': "2"
}]
},
{
'name': "Philippines",
'alpha-2': "PH",
'alpha-3': "PHL",
'country-code': "608",
'iso_3166-2': "ISO 3166-2:PH",
'region-code': "142",
'sub-region-code': "035",
'currencies': [{
    'currency_name': "Philippine Peso",
    'currency_code': "PHP",
    'currency_numeric_code': "608",
    'minor_unit': "2"
}]
},
{
'name': "Pitcairn",
'alpha-2': "PN",
'alpha-3': "PCN",
'country-code': "612",
'iso_3166-2': "ISO 3166-2:PN",
'region-code': "009",
'sub-region-code': "061",
'currencies': [{
    'currency_name': "New Zealand Dollar",
    'currency_code': "NZD",
    'currency_numeric_code': "554",
    'minor_unit': "2"
}]
},
{
'name': "Poland",
'alpha-2': "PL",
'alpha-3': "POL",
'country-code': "616",
'iso_3166-2': "ISO 3166-2:PL",
'region-code': "150",
'sub-region-code': "151",
'currencies': [{
    'currency_name': "Zloty",
    'currency_code': "PLN",
    'currency_numeric_code': "985",
    'minor_unit': "2"
}]
},
{
'name': "Portugal",
'alpha-2': "PT",
'alpha-3': "PRT",
'country-code': "620",
'iso_3166-2': "ISO 3166-2:PT",
'region-code': "150",
'sub-region-code': "039",
'currencies': [{
    'currency_name': "Euro",
    'currency_code': "EUR",
    'currency_numeric_code': "978",
    'minor_unit': "2"
}]
},
{
'name': "Puerto Rico",
'alpha-2': "PR",
'alpha-3': "PRI",
'country-code': "630",
'iso_3166-2': "ISO 3166-2:PR",
'region-code': "019",
'sub-region-code': "029",
'currencies': [{
    'currency_name': "US Dollar",
    'currency_code': "USD",
    'currency_numeric_code': "840",
    'minor_unit': "2"
}]
},
{
'name': "Qatar",
'alpha-2': "QA",
'alpha-3': "QAT",
'country-code': "634",
'iso_3166-2': "ISO 3166-2:QA",
'region-code': "142",
'sub-region-code': "145",
'currencies': [{
    'currency_name': "Qatari Rial",
    'currency_code': "QAR",
    'currency_numeric_code': "634",
    'minor_unit': "2"
}]
},
{
'name': "Réunion",
'alpha-2': "RE",
'alpha-3': "REU",
'country-code': "638",
'iso_3166-2': "ISO 3166-2:RE",
'region-code': "002",
'sub-region-code': "014",
'currencies': [{
    'currency_name': "Euro",
    'currency_code': "EUR",
    'currency_numeric_code': "978",
    'minor_unit': "2"
}]
},
{
'name': "Romania",
'alpha-2': "RO",
'alpha-3': "ROU",
'country-code': "642",
'iso_3166-2': "ISO 3166-2:RO",
'region-code': "150",
'sub-region-code': "151",
'currencies': [{
    'currency_name': "New Romanian Leu",
    'currency_code': "RON",
    'currency_numeric_code': "946",
    'minor_unit': "2"
}]
},
{
'name': "Russian Federation",
'alpha-2': "RU",
'alpha-3': "RUS",
'country-code': "643",
'iso_3166-2': "ISO 3166-2:RU",
'region-code': "150",
'sub-region-code': "151",
'currencies': [{
    'currency_name': "Russian Ruble",
    'currency_code': "RUB",
    'currency_numeric_code': "643",
    'minor_unit': "2"
}]
},
{
'name': "Rwanda",
'alpha-2': "RW",
'alpha-3': "RWA",
'country-code': "646",
'iso_3166-2': "ISO 3166-2:RW",
'region-code': "002",
'sub-region-code': "014",
'currencies': [{
    'currency_name': "Rwanda Franc",
    'currency_code': "RWF",
    'currency_numeric_code': "646",
    'minor_unit': "0"
}]
},
{
'name': "Saint Barthélemy",
'alpha-2': "BL",
'alpha-3': "BLM",
'country-code': "652",
'iso_3166-2': "ISO 3166-2:BL",
'region-code': "019",
'sub-region-code': "029",
'currencies': [{
    'currency_name': "Euro",
    'currency_code': "EUR",
    'currency_numeric_code': "978",
    'minor_unit': "2"
}]
},
{
'name': "Saint Helena, Ascension and Tristan da Cunha",
'alpha-2': "SH",
'alpha-3': "SHN",
'country-code': "654",
'iso_3166-2': "ISO 3166-2:SH",
'region-code': "002",
'sub-region-code': "011",
'currencies': [{
    'currency_name': "Saint Helena Pound",
    'currency_code': "SHP",
    'currency_numeric_code': "654",
    'minor_unit': "2"
}]
},
{
'name': "Saint Kitts and Nevis",
'alpha-2': "KN",
'alpha-3': "KNA",
'country-code': "659",
'iso_3166-2': "ISO 3166-2:KN",
'region-code': "019",
'sub-region-code': "029",
'currencies': [{
    'currency_name': "East Caribbean Dollar",
    'currency_code': "XCD",
    'currency_numeric_code': "951",
    'minor_unit': "2"
}]
},
{
'name': "Saint Lucia",
'alpha-2': "LC",
'alpha-3': "LCA",
'country-code': "662",
'iso_3166-2': "ISO 3166-2:LC",
'region-code': "019",
'sub-region-code': "029",
'currencies': [{
    'currency_name': "East Caribbean Dollar",
    'currency_code': "XCD",
    'currency_numeric_code': "951",
    'minor_unit': "2"
}]
},
{
'name': "Saint Martin (French part)",
'alpha-2': "MF",
'alpha-3': "MAF",
'country-code': "663",
'iso_3166-2': "ISO 3166-2:MF",
'region-code': "019",
'sub-region-code': "029",
'currencies': [{
    'currency_name': "Euro",
    'currency_code': "EUR",
    'currency_numeric_code': "978",
    'minor_unit': "2"
}]
},
{
'name': "Saint Pierre and Miquelon",
'alpha-2': "PM",
'alpha-3': "SPM",
'country-code': "666",
'iso_3166-2': "ISO 3166-2:PM",
'region-code': "019",
'sub-region-code': "021",
'currencies': [{
    'currency_name': "Euro",
    'currency_code': "EUR",
    'currency_numeric_code': "978",
    'minor_unit': "2"
}]
},
{
'name': "Saint Vincent and the Grenadines",
'alpha-2': "VC",
'alpha-3': "VCT",
'country-code': "670",
'iso_3166-2': "ISO 3166-2:VC",
'region-code': "019",
'sub-region-code': "029",
'currencies': [{
    'currency_name': "East Caribbean Dollar",
    'currency_code': "XCD",
    'currency_numeric_code': "951",
    'minor_unit': "2"
}]
},
{
'name': "Samoa",
'alpha-2': "WS",
'alpha-3': "WSM",
'country-code': "882",
'iso_3166-2': "ISO 3166-2:WS",
'region-code': "009",
'sub-region-code': "061",
'currencies': [{
    'currency_name': "Tala",
    'currency_code': "WST",
    'currency_numeric_code': "882",
    'minor_unit': "2"
}]
},
{
'name': "San Marino",
'alpha-2': "SM",
'alpha-3': "SMR",
'country-code': "674",
'iso_3166-2': "ISO 3166-2:SM",
'region-code': "150",
'sub-region-code': "039",
'currencies': [{
    'currency_name': "Euro",
    'currency_code': "EUR",
    'currency_numeric_code': "978",
    'minor_unit': "2"
}]
},
{
'name': "Sao Tome and Principe",
'alpha-2': "ST",
'alpha-3': "STP",
'country-code': "678",
'iso_3166-2': "ISO 3166-2:ST",
'region-code': "002",
'sub-region-code': "017",
'currencies': [{
    'currency_name': "Dobra",
    'currency_code': "STD",
    'currency_numeric_code': "678",
    'minor_unit': "2"
}]
},
{
'name': "Saudi Arabia",
'alpha-2': "SA",
'alpha-3': "SAU",
'country-code': "682",
'iso_3166-2': "ISO 3166-2:SA",
'region-code': "142",
'sub-region-code': "145",
'currencies': [{
    'currency_name': "Saudi Riyal",
    'currency_code': "SAR",
    'currency_numeric_code': "682",
    'minor_unit': "2"
}]
},
{
'name': "Senegal",
'alpha-2': "SN",
'alpha-3': "SEN",
'country-code': "686",
'iso_3166-2': "ISO 3166-2:SN",
'region-code': "002",
'sub-region-code': "011",
'currencies': [{
    'currency_name': "CFA Franc BCEAO",
    'currency_code': "XOF",
    'currency_numeric_code': "952",
    'minor_unit': "0"
}]
},
{
'name': "Serbia",
'alpha-2': "RS",
'alpha-3': "SRB",
'country-code': "688",
'iso_3166-2': "ISO 3166-2:RS",
'region-code': "150",
'sub-region-code': "039",
'currencies': [{
    'currency_name': "Serbian Dinar",
    'currency_code': "RSD",
    'currency_numeric_code': "941",
    'minor_unit': "2"
}]
},
{
'name': "Seychelles",
'alpha-2': "SC",
'alpha-3': "SYC",
'country-code': "690",
'iso_3166-2': "ISO 3166-2:SC",
'region-code': "002",
'sub-region-code': "014",
'currencies': [{
    'currency_name': "Seychelles Rupee",
    'currency_code': "SCR",
    'currency_numeric_code': "690",
    'minor_unit': "2"
}]
},
{
'name': "Sierra Leone",
'alpha-2': "SL",
'alpha-3': "SLE",
'country-code': "694",
'iso_3166-2': "ISO 3166-2:SL",
'region-code': "002",
'sub-region-code': "011",
'currencies': [{
    'currency_name': "Leone",
    'currency_code': "SLL",
    'currency_numeric_code': "694",
    'minor_unit': "2"
}]
},
{
'name': "Singapore",
'alpha-2': "SG",
'alpha-3': "SGP",
'country-code': "702",
'iso_3166-2': "ISO 3166-2:SG",
'region-code': "142",
'sub-region-code': "035",
'currencies': [{
    'currency_name': "Singapore Dollar",
    'currency_code': "SGD",
    'currency_numeric_code': "702",
    'minor_unit': "2"
}]
},
{
'name': "Sint Maarten (Dutch part)",
'alpha-2': "SX",
'alpha-3': "SXM",
'country-code': "534",
'iso_3166-2': "ISO 3166-2:SX",
'region-code': "019",
'sub-region-code': "029",
'currencies': [{
    'currency_name': "Netherlands Antillean Guilder",
    'currency_code': "ANG",
    'currency_numeric_code': "532",
    'minor_unit': "2"
}]
},
{
'name': "Slovakia",
'alpha-2': "SK",
'alpha-3': "SVK",
'country-code': "703",
'iso_3166-2': "ISO 3166-2:SK",
'region-code': "150",
'sub-region-code': "151",
'currencies': [{
    'currency_name': "Euro",
    'currency_code': "EUR",
    'currency_numeric_code': "978",
    'minor_unit': "2"
}]
},
{
'name': "Slovenia",
'alpha-2': "SI",
'alpha-3': "SVN",
'country-code': "705",
'iso_3166-2': "ISO 3166-2:SI",
'region-code': "150",
'sub-region-code': "039",
'currencies': [{
    'currency_name': "Euro",
    'currency_code': "EUR",
    'currency_numeric_code': "978",
    'minor_unit': "2"
}]
},
{
'name': "Solomon Islands",
'alpha-2': "SB",
'alpha-3': "SLB",
'country-code': "090",
'iso_3166-2': "ISO 3166-2:SB",
'region-code': "009",
'sub-region-code': "054",
'currencies': [{
    'currency_name': "Solomon Islands Dollar",
    'currency_code': "SBD",
    'currency_numeric_code': "090",
    'minor_unit': "2"
}]
},
{
'name': "Somalia",
'alpha-2': "SO",
'alpha-3': "SOM",
'country-code': "706",
'iso_3166-2': "ISO 3166-2:SO",
'region-code': "002",
'sub-region-code': "014",
'currencies': [{
    'currency_name': "Somali Shilling",
    'currency_code': "SOS",
    'currency_numeric_code': "706",
    'minor_unit': "2"
}]
},
{
'name': "South Africa",
'alpha-2': "ZA",
'alpha-3': "ZAF",
'country-code': "710",
'iso_3166-2': "ISO 3166-2:ZA",
'region-code': "002",
'sub-region-code': "018",
'currencies': [{
    'currency_name': "Rand",
    'currency_code': "ZAR",
    'currency_numeric_code': "710",
    'minor_unit': "2"
}]
},
{
'name': "South Georgia and the South Sandwich Islands",
'alpha-2': "GS",
'alpha-3': "SGS",
'country-code': "239",
'iso_3166-2': "ISO 3166-2:GS",
'currencies': [{
    'currency_name': "No universal currency"
}]
},
{
'name': "South Sudan",
'alpha-2': "SS",
'alpha-3': "SSD",
'country-code': "728",
'iso_3166-2': "ISO 3166-2:SS",
'region-code': "002",
'sub-region-code': "014",
'currencies': [{
    'currency_name': "South Sudanese Pound",
    'currency_code': "SSP",
    'currency_numeric_code': "728",
    'minor_unit': "2"
}]
},
{
'name': "Spain",
'alpha-2': "ES",
'alpha-3': "ESP",
'country-code': "724",
'iso_3166-2': "ISO 3166-2:ES",
'region-code': "150",
'sub-region-code': "039",
'currencies': [{
    'currency_name': "Euro",
    'currency_code': "EUR",
    'currency_numeric_code': "978",
    'minor_unit': "2"
}]
},
{
'name': "Sri Lanka",
'alpha-2': "LK",
'alpha-3': "LKA",
'country-code': "144",
'iso_3166-2': "ISO 3166-2:LK",
'region-code': "142",
'sub-region-code': "034",
'currencies': [{
    'currency_name': "Sri Lanka Rupee",
    'currency_code': "LKR",
    'currency_numeric_code': "144",
    'minor_unit': "2"
}]
},
{
'name': "Sudan",
'alpha-2': "SD",
'alpha-3': "SDN",
'country-code': "729",
'iso_3166-2': "ISO 3166-2:SD",
'region-code': "002",
'sub-region-code': "015",
'currencies': [{
    'currency_name': "Sudanese Pound",
    'currency_code': "SDG",
    'currency_numeric_code': "938",
    'minor_unit': "2"
}]
},
{
'name': "Suri'name'",
'alpha-2': "SR",
'alpha-3': "SUR",
'country-code': "740",
'iso_3166-2': "ISO 3166-2:SR",
'region-code': "019",
'sub-region-code': "005",
'currencies': [{
    'currency_name': "Surinam Dollar",
    'currency_code': "SRD",
    'currency_numeric_code': "968",
    'minor_unit': "2"
}]
},
{
'name': "Svalbard and Jan Mayen",
'alpha-2': "SJ",
'alpha-3': "SJM",
'country-code': "744",
'iso_3166-2': "ISO 3166-2:SJ",
'region-code': "150",
'sub-region-code': "154",
'currencies': [{
    'currency_name': "Norwegian Krone",
    'currency_code': "NOK",
    'currency_numeric_code': "578",
    'minor_unit': "2"
}]
},
{
'name': "Swaziland",
'alpha-2': "SZ",
'alpha-3': "SWZ",
'country-code': "748",
'iso_3166-2': "ISO 3166-2:SZ",
'region-code': "002",
'sub-region-code': "018",
'currencies': [{
    'currency_name': "Lilangeni",
    'currency_code': "SZL",
    'currency_numeric_code': "748",
    'minor_unit': "2"
}]
},
{
'name': "Sweden",
'alpha-2': "SE",
'alpha-3': "SWE",
'country-code': "752",
'iso_3166-2': "ISO 3166-2:SE",
'region-code': "150",
'sub-region-code': "154",
'currencies': [{
    'currency_name': "Swedish Krona",
    'currency_code': "SEK",
    'currency_numeric_code': "752",
    'minor_unit': "2"
}]
},
{
'name': "Switzerland",
'alpha-2': "CH",
'alpha-3': "CHE",
'country-code': "756",
'iso_3166-2': "ISO 3166-2:CH",
'region-code': "150",
'sub-region-code': "155",
'currencies': [{
    'currency_name': "Swiss Franc",
    'currency_code': "CHF",
    'currency_numeric_code': "756",
    'minor_unit': "2"
}]
},
{
'name': "Syrian Arab Republic",
'alpha-2': "SY",
'alpha-3': "SYR",
'country-code': "760",
'iso_3166-2': "ISO 3166-2:SY",
'region-code': "142",
'sub-region-code': "145",
'currencies': [{
    'currency_name': "Syrian Pound",
    'currency_code': "SYP",
    'currency_numeric_code': "760",
    'minor_unit': "2"
}]
},
{
'name': "Taiwan, Province of China",
'alpha-2': "TW",
'alpha-3': "TWN",
'country-code': "158",
'iso_3166-2': "ISO 3166-2:TW",
'region-code': "142",
'sub-region-code': "030",
'currencies': [{
    'currency_name': "New Taiwan Dollar",
    'currency_code': "TWD",
    'currency_numeric_code': "901",
    'minor_unit': "2"
}]
},
{
'name': "Tajikistan",
'alpha-2': "TJ",
'alpha-3': "TJK",
'country-code': "762",
'iso_3166-2': "ISO 3166-2:TJ",
'region-code': "142",
'sub-region-code': "143",
'currencies': [{
    'currency_name': "Somoni",
    'currency_code': "TJS",
    'currency_numeric_code': "972",
    'minor_unit': "2"
}]
},
{
'name': "Tanzania, United Republic of",
'alpha-2': "TZ",
'alpha-3': "TZA",
'country-code': "834",
'iso_3166-2': "ISO 3166-2:TZ",
'region-code': "002",
'sub-region-code': "014",
'currencies': [{
    'currency_name': "Tanzanian Shilling",
    'currency_code': "TZS",
    'currency_numeric_code': "834",
    'minor_unit': "2"
}]
},
{
'name': "Thailand",
'alpha-2': "TH",
'alpha-3': "THA",
'country-code': "764",
'iso_3166-2': "ISO 3166-2:TH",
'region-code': "142",
'sub-region-code': "035",
'currencies': [{
    'currency_name': "Baht",
    'currency_code': "THB",
    'currency_numeric_code': "764",
    'minor_unit': "2"
}]
},
{
'name': "Timor-Leste",
'alpha-2': "TL",
'alpha-3': "TLS",
'country-code': "626",
'iso_3166-2': "ISO 3166-2:TL",
'region-code': "142",
'sub-region-code': "035",
'currencies': [{
    'currency_name': "US Dollar",
    'currency_code': "USD",
    'currency_numeric_code': "840",
    'minor_unit': "2"
}]
},
{
'name': "Togo",
'alpha-2': "TG",
'alpha-3': "TGO",
'country-code': "768",
'iso_3166-2': "ISO 3166-2:TG",
'region-code': "002",
'sub-region-code': "011",
'currencies': [{
    'currency_name': "CFA Franc BCEAO",
    'currency_code': "XOF",
    'currency_numeric_code': "952",
    'minor_unit': "0"
}]
},
{
'name': "Tokelau",
'alpha-2': "TK",
'alpha-3': "TKL",
'country-code': "772",
'iso_3166-2': "ISO 3166-2:TK",
'region-code': "009",
'sub-region-code': "061",
'currencies': [{
    'currency_name': "New Zealand Dollar",
    'currency_code': "NZD",
    'currency_numeric_code': "554",
    'minor_unit': "2"
}]
},
{
'name': "Tonga",
'alpha-2': "TO",
'alpha-3': "TON",
'country-code': "776",
'iso_3166-2': "ISO 3166-2:TO",
'region-code': "009",
'sub-region-code': "061",
'currencies': [{
    'currency_name': "Pa’anga",
    'currency_code': "TOP",
    'currency_numeric_code': "776",
    'minor_unit': "2"
}]
},
{
'name': "Trinidad and Tobago",
'alpha-2': "TT",
'alpha-3': "TTO",
'country-code': "780",
'iso_3166-2': "ISO 3166-2:TT",
'region-code': "019",
'sub-region-code': "029",
'currencies': [{
    'currency_name': "Trinidad and Tobago Dollar",
    'currency_code': "TTD",
    'currency_numeric_code': "780",
    'minor_unit': "2"
}]
},
{
'name': "Tunisia",
'alpha-2': "TN",
'alpha-3': "TUN",
'country-code': "788",
'iso_3166-2': "ISO 3166-2:TN",
'region-code': "002",
'sub-region-code': "015",
'currencies': [{
    'currency_name': "Tunisian Dinar",
    'currency_code': "TND",
    'currency_numeric_code': "788",
    'minor_unit': "3"
}]
},
{
'name': "Turkey",
'alpha-2': "TR",
'alpha-3': "TUR",
'country-code': "792",
'iso_3166-2': "ISO 3166-2:TR",
'region-code': "142",
'sub-region-code': "145",
'currencies': [{
    'currency_name': "Turkish Lira",
    'currency_code': "TRY",
    'currency_numeric_code': "949",
    'minor_unit': "2"
}]
},
{
'name': "Turkmenistan",
'alpha-2': "TM",
'alpha-3': "TKM",
'country-code': "795",
'iso_3166-2': "ISO 3166-2:TM",
'region-code': "142",
'sub-region-code': "143",
'currencies': [{
    'currency_name': "Turkmenistan New Manat",
    'currency_code': "TMT",
    'currency_numeric_code': "934",
    'minor_unit': "2"
}]
},
{
'name': "Turks and Caicos Islands",
'alpha-2': "TC",
'alpha-3': "TCA",
'country-code': "796",
'iso_3166-2': "ISO 3166-2:TC",
'region-code': "019",
'sub-region-code': "029",
'currencies': [{
    'currency_name': "US Dollar",
    'currency_code': "USD",
    'currency_numeric_code': "840",
    'minor_unit': "2"
}]
},
{
'name': "Tuvalu",
'alpha-2': "TV",
'alpha-3': "TUV",
'country-code': "798",
'iso_3166-2': "ISO 3166-2:TV",
'region-code': "009",
'sub-region-code': "061",
'currencies': [{
    'currency_name': "Australian Dollar",
    'currency_code': "AUD",
    'currency_numeric_code': "036",
    'minor_unit': "2"
}]
},
{
'name': "Uganda",
'alpha-2': "UG",
'alpha-3': "UGA",
'country-code': "800",
'iso_3166-2': "ISO 3166-2:UG",
'region-code': "002",
'sub-region-code': "014",
'currencies': [{
    'currency_name': "Uganda Shilling",
    'currency_code': "UGX",
    'currency_numeric_code': "800",
    'minor_unit': "0"
}]
},
{
'name': "Ukraine",
'alpha-2': "UA",
'alpha-3': "UKR",
'country-code': "804",
'iso_3166-2': "ISO 3166-2:UA",
'region-code': "150",
'sub-region-code': "151",
'currencies': [{
    'currency_name': "Hryvnia",
    'currency_code': "UAH",
    'currency_numeric_code': "980",
    'minor_unit': "2"
}]
},
{
'name': "United Arab Emirates",
'alpha-2': "AE",
'alpha-3': "ARE",
'country-code': "784",
'iso_3166-2': "ISO 3166-2:AE",
'region-code': "142",
'sub-region-code': "145",
'currencies': [{
    'currency_name': "UAE Dirham",
    'currency_code': "AED",
    'currency_numeric_code': "784",
    'minor_unit': "2"
}]
},
{
'name': "United Kingdom",
'alpha-2': "GB",
'alpha-3': "GBR",
'country-code': "826",
'iso_3166-2': "ISO 3166-2:GB",
'region-code': "150",
'sub-region-code': "154",
'currencies': [{
    'currency_name': "Pound Sterling",
    'currency_code': "GBP",
    'currency_numeric_code': "826",
    'minor_unit': "2"
}]
},
{
'name': "United States",
'alpha-2': "US",
'alpha-3': "USA",
'country-code': "840",
'iso_3166-2': "ISO 3166-2:US",
'region-code': "019",
'sub-region-code': "021",
'currencies': [{
    'currency_name': "US Dollar",
    'currency_code': "USD",
    'currency_numeric_code': "840",
    'minor_unit': "2"
}]
},
{
'name': "United States Minor Outlying Islands",
'alpha-2': "UM",
'alpha-3': "UMI",
'country-code': "581",
'iso_3166-2': "ISO 3166-2:UM",
'currencies': [{
    'currency_name': "US Dollar",
    'currency_code': "USD",
    'currency_numeric_code': "840",
    'minor_unit': "2"
}]
},
{
'name': "Uruguay",
'alpha-2': "UY",
'alpha-3': "URY",
'country-code': "858",
'iso_3166-2': "ISO 3166-2:UY",
'region-code': "019",
'sub-region-code': "005",
'currencies': [{
    'currency_name': "Peso Uruguayo",
    'currency_code': "UYU",
    'currency_numeric_code': "858",
    'minor_unit': "2"
}]
},
{
'name': "Uzbekistan",
'alpha-2': "UZ",
'alpha-3': "UZB",
'country-code': "860",
'iso_3166-2': "ISO 3166-2:UZ",
'region-code': "142",
'sub-region-code': "143",
'currencies': [{
    'currency_name': "Uzbekistan Sum",
    'currency_code': "UZS",
    'currency_numeric_code': "860",
    'minor_unit': "2"
}]
},
{
'name': "Vanuatu",
'alpha-2': "VU",
'alpha-3': "VUT",
'country-code': "548",
'iso_3166-2': "ISO 3166-2:VU",
'region-code': "009",
'sub-region-code': "054",
'currencies': [{
    'currency_name': "Vatu",
    'currency_code': "VUV",
    'currency_numeric_code': "548",
    'minor_unit': "0"
}]
},
{
'name': "Venezuela, Bolivarian Republic of",
'alpha-2': "VE",
'alpha-3': "VEN",
'country-code': "862",
'iso_3166-2': "ISO 3166-2:VE",
'region-code': "019",
'sub-region-code': "005",
'currencies': [{
    'currency_name': "Bolivar",
    'currency_code': "VEF",
    'currency_numeric_code': "937",
    'minor_unit': "2"
}]
},
{
'name': "Viet Nam",
'alpha-2': "VN",
'alpha-3': "VNM",
'country-code': "704",
'iso_3166-2': "ISO 3166-2:VN",
'region-code': "142",
'sub-region-code': "035",
'currencies': [{
    'currency_name': "Dong",
    'currency_code': "VND",
    'currency_numeric_code': "704",
    'minor_unit': "0"
}]
},
{
'name': "Virgin Islands, British",
'alpha-2': "VG",
'alpha-3': "VGB",
'country-code': "092",
'iso_3166-2': "ISO 3166-2:VG",
'region-code': "019",
'sub-region-code': "029",
'currencies': [{
    'currency_name': "US Dollar",
    'currency_code': "USD",
    'currency_numeric_code': "840",
    'minor_unit': "2"
}]
},
{
'name': "Virgin Islands, U.S.",
'alpha-2': "VI",
'alpha-3': "VIR",
'country-code': "850",
'iso_3166-2': "ISO 3166-2:VI",
'region-code': "019",
'sub-region-code': "029",
'currencies': [{
    'currency_name': "US Dollar",
    'currency_code': "USD",
    'currency_numeric_code': "840",
    'minor_unit': "2"
}]
},
{
'name': "Wallis and Futuna",
'alpha-2': "WF",
'alpha-3': "WLF",
'country-code': "876",
'iso_3166-2': "ISO 3166-2:WF",
'region-code': "009",
'sub-region-code': "061",
'currencies': [{
    'currency_name': "CFP Franc",
    'currency_code': "XPF",
    'currency_numeric_code': "953",
    'minor_unit': "0"
}]
},
{
'name': "Western Sahara",
'alpha-2': "EH",
'alpha-3': "ESH",
'country-code': "732",
'iso_3166-2': "ISO 3166-2:EH",
'region-code': "002",
'sub-region-code': "015",
'currencies': [{
    'currency_name': "Moroccan Dirham",
    'currency_code': "MAD",
    'currency_numeric_code': "504",
    'minor_unit': "2"
}]
},
{
'name': "Yemen",
'alpha-2': "YE",
'alpha-3': "YEM",
'country-code': "887",
'iso_3166-2': "ISO 3166-2:YE",
'region-code': "142",
'sub-region-code': "145",
'currencies': [{
    'currency_name': "Yemeni Rial",
    'currency_code': "YER",
    'currency_numeric_code': "886",
    'minor_unit': "2"
}]
},
{
'name': "Zambia",
'alpha-2': "ZM",
'alpha-3': "ZMB",
'country-code': "894",
'iso_3166-2': "ISO 3166-2:ZM",
'region-code': "002",
'sub-region-code': "014",
'currencies': [{
    'currency_name': "Zambian Kwacha",
    'currency_code': "ZMW",
    'currency_numeric_code': "967",
    'minor_unit': "2"
}]
},
{
'name': "Zimbabwe",
'alpha-2': "ZW",
'alpha-3': "ZWE",
'country-code': "716",
'iso_3166-2': "ISO 3166-2:ZW",
'region-code': "002",
'sub-region-code': "014",         
'currencies': [{
    'currency_name': "Zimbabwe Dollar",
    'currency_code': "ZWL",
    'currency_numeric_code': "932",
    'minor_unit': "2"
}]
}

]
}
